StudentID,StudyHours,Attendance,PrevMarks,Marks,Branch,Result
S1001,5.2,82,68,78.0,CSE,Pass
S1002,6.5,91,74,85.0,ISE,Pass
S1003,3.1,67,55,62.0,CSD,Fail
S1004,8.0,95,81,92.0,AIML,Pass
S1005,4.4,72,60,69.0,CSE,Fail
S1006,7.2,88,77,86.0,ISE,Pass
S1007,2.8,61,52,58.0,CSD,Fail
S1008,6.9,84,71,80.0,AIML,Pass
S1009,5.6,79,66,74.0,CSE,Pass
S1010,3.7,69,59,64.0,ISE,Fail
S1011,7.8,93,85,91.0,AIML,Pass
S1012,4.9,76,63,71.0,CSD,Pass
S1013,6.1,81,70,79.0,CSE,Pass
S1014,2.5,58,48,55.0,CSD,Fail
S1015,8.6,97,89,95.0,ISE,Pass
S1016,5.0,73,62,,CSE,Pass
S1017,6.7,86,75,83.0,AIML,Pass
S1018,3.4,64,54,60.0,ISE,Fail
S1019,7.4,90,79,88.0,CSD,Pass
S1020,4.2,71,57,66.0,CSE,Fail
S1001,5.2,82,68,78.0,CSE,Pass
